INSERT INTO jpa_users (created, email, enabled, name, password, role, userid, warning_count)
VALUES ('2026-01-05 09:12:30.123456', 'user1@test.com', 1, '김민준',
        '$2a$10$jfy.3JZknHCUZqNOgfo7YO1QE7d8y3I8aXhAP2f2fpJ7vCi85R.he', 'ROLE_USER', '1', 0),
       ('2026-01-08 10:20:15.654321', 'user2@test.com', 1, '이서연',
        '$2a$10$pvBvZHbBqAojq1fLpokKQOfS/7hkOFcacQ8Ujp/xpHBnHc.UMLEG2', 'ROLE_USER', '2', 0),
       ('2026-01-10 11:45:00.111111', 'user3@test.com', 1, '박도윤',
        '$2a$10$UAa1eSI3c98jlX4kgpI/gOiOHLrUZaP.57eD9d2VXxhYNQo2iGuFS', 'ROLE_USER', '3', 1),
       ('2026-01-12 08:30:45.222222', 'user4@test.com', 1, '최지우',
        '$2a$10$5yLnpKaTysbrDzpl2EkCcuKRfrRTWMNwjSVVYdFJDZ900PTyC3laG', 'ROLE_USER', '4', 0),
       ('2026-01-15 14:05:10.333333', 'user5@test.com', 1, '정하은',
        '$2a$10$RO5gAy2xrq9jWwVn9y3.lO7oMzSaT49WbTggc0Fi.7Zo1xVNK.VIq', 'ROLE_USER', '5', 0),
       ('2026-01-18 16:50:22.444444', 'user6@test.com', 0, '강시우',
        '$2a$10$FQgPIAzhSrR787eN6ZT.C.Q6g2Mw22IEVJzAOJxzACaY8chSPFXry', 'ROLE_USER', '6', 3),
       ('2026-01-20 09:00:00.555555', 'user7@test.com', 1, '조유나',
        '$2a$10$9nxgWmHy1dR0Rb27xWyhFOwe113vUfSD0q6IBReXfCvnZt6q3eezu', 'ROLE_USER', '7', 0),
       ('2026-01-22 13:25:40.666666', 'user8@test.com', 1, '윤재현',
        '$2a$10$z1InVRrMlzVcqYU6lxpwKuwOQ678PRuyuXzusBkDNfDqTPdpPAaOq', 'ROLE_USER', '8', 0),
       ('2026-01-25 17:10:05.777777', 'user9@test.com', 1, '임소율',
        '$2a$10$jhvUP5CeSlD4iJ05QfJSPefrSv1RUF.jKfoCQBF2qwROMl27B8etm', 'ROLE_ADMIN', '9', 0),
       ('2026-01-28 07:55:50.888888', 'user10@test.com', 1, '한지호',
        '$2a$10$nWjYUbuseQ.y7xHCvGsqb..OAiZsOtoESDzFJ8kLiM5aoGmFx137m', 'ROLE_USER', '10', 0);

INSERT INTO visit_item (visit_order, distance_to_next, place_id, schedule_id, schedule_type)
VALUES (1, 2.5, '1', '1', 'SCHEDULE'),
       (2, 3.1, '2', '1', 'SCHEDULE'),
       (3, NULL, '3', '1', 'SCHEDULE'),
       (1, 1.8, '4', '2', 'SCHEDULE'),
       (2, NULL, '5', '2', 'SCHEDULE'),
       (1, 4.2, '6', '3', 'SCHEDULE'),
       (2, 2.0, '7', '3', 'SCHEDULE'),
       (3, NULL, '8', '3', 'SCHEDULE'),
       (1, 1.5, '9', '4', 'SCHEDULE'),
       (2, NULL, '10', '4', 'SCHEDULE'),
       (1, 3.3, '11', '5', 'SCHEDULE'),
       (2, NULL, '12', '5', 'SCHEDULE'),
       (1, 2.8, '13', '6', 'SCHEDULE'),
       (2, 1.9, '14', '6', 'SCHEDULE'),
       (3, NULL, '15', '6', 'SCHEDULE'),
       (1, NULL, '16', '1', 'POST'),
       (1, 2.2, '17', '2', 'POST'),
       (2, NULL, '18', '2', 'POST'),
       (1, 3.6, '19', '3', 'POST'),
       (2, NULL, '20', '3', 'POST'),
       (1, 1.1, '21', '4', 'POST'),
       (2, 2.9, '22', '4', 'POST'),
       (3, NULL, '23', '4', 'POST'),
       (1, NULL, '24', '5', 'POST'),
       (1, 4.0, '25', '6', 'POST'),
       (2, NULL, '26', '6', 'POST'),
       (1, 2.4, '27', '7', 'POST'),
       (2, NULL, '28', '7', 'POST'),
       (1, 3.7, '29', '8', 'POST'),
       (2, 1.6, '30', '8', 'POST'),
       (3, NULL, '31', '8', 'POST'),
       (1, NULL, '32', '9', 'POST'),
       (1, 2.1, '33', '10', 'POST'),
       (2, NULL, '34', '10', 'POST'),
       (1, 3.0, '35', '11', 'POST'),
       (2, NULL, '36', '11', 'POST');

INSERT INTO my_schedule (my_schedule_id, title, start_at, budget_details, todo_details, is_shared, user_id)
VALUES ('1', '제주도 3박4일', '2026-08-01 09:00:00', '{"total":500000}', '["렌트카 예약","숙소 체크인"]', 1, 'user01'),
       ('2', '부산 여행', '2026-07-15 10:00:00', '{"total":300000}', '["해운대 방문"]', 0, 'user02'),
       ('3', '강릉 힐링 여행', '2026-09-05 08:30:00', '{"total":250000}', '["카페 투어"]', 1, 'user03'),
       ('4', '경주 역사 탐방', '2026-08-20 09:00:00', '{"total":200000}', '["불국사 방문"]', 0, 'user04'),
       ('5', '서울 근교 나들이', '2026-07-25 11:00:00', '{"total":150000}', '["에버랜드"]', 0, 'user05'),
       ('6', '전주 한옥마을', '2026-08-10 09:30:00', '{"total":180000}', '["한옥 스테이"]', 1, 'user06'),
       ('7', '여수 밤바다', '2026-09-01 10:00:00', '{"total":220000}', '["케이블카"]', 0, 'user07'),
       ('8', '속초 바다여행', '2026-08-05 09:00:00', '{"total":270000}', '["대포항"]', 1, 'user08'),
       ('9', '통영 섬투어', '2026-09-15 08:00:00', '{"total":320000}', '["케이블카","섬여행"]', 0, 'user09'),
       ('10', '안동 문화여행', '2026-08-25 09:00:00', '{"total":190000}', '["하회마을"]', 0, 'user10'),
       ('11', '거제도 여행', '2026-07-30 09:00:00', '{"total":260000}', '["바람의언덕"]', 1, 'user01'),
       ('12', '춘천 당일치기', '2026-08-12 10:00:00', '{"total":80000}', '["남이섬"]', 0, 'user02');

INSERT INTO schedule_post (post_id, title, like_count, view_count, budget_details, todo_details, posted_at,
                           is_anonymous, is_hidden, user_id)
VALUES ('1', '제주도 알짜 코스 공유', '15', '320', '{"total":480000}', '["1일차 성산일출봉"]', '2026-06-01 12:00:00', 0, 0, 'user01'),
       ('2', '부산 가성비 여행', '8', '210', '{"total":280000}', '["1일차 해운대"]', '2026-06-02 13:00:00', 0, 0, 'user02'),
       ('3', '강릉 카페 투어 후기', '22', '450', '{"total":230000}', '["카페거리"]', '2026-06-03 14:00:00', 1, 0, 'user03'),
       ('4', '경주 당일치기 코스', '5', '120', '{"total":100000}', '["첨성대"]', '2026-06-04 15:00:00', 0, 0, 'user04'),
       ('5', '서울 데이트 코스', '30', '600', '{"total":150000}', '["남산타워"]', '2026-06-05 16:00:00', 0, 0, 'user05'),
       ('6', '전주 먹방 여행기', '12', '300', '{"total":170000}', '["한옥마을 맛집"]', '2026-06-06 17:00:00', 1, 0, 'user06'),
       ('7', '여수 야경 명소 정리', '18', '410', '{"total":210000}', '["돌산대교"]', '2026-06-07 18:00:00', 0, 0, 'user07'),
       ('8', '속초 물회 맛집 코스', '9', '190', '{"total":260000}', '["중앙시장"]', '2026-06-08 19:00:00', 0, 1, 'user08'),
       ('9', '통영 섬여행 꿀팁', '14', '280', '{"total":300000}', '["소매물도"]', '2026-06-09 20:00:00', 0, 0, 'user09'),
       ('10', '안동 하회마을 완벽정리', '7', '150', '{"total":180000}', '["병산서원"]', '2026-06-10 21:00:00', 1, 0, 'user10'),
       ('11', '거제도 드라이브 코스', '20', '380', '{"total":250000}', '["외도"]', '2026-06-11 09:00:00', 0, 0, 'user01'),
       ('12', '춘천 당일치기 완벽가이드', '25', '500', '{"total":75000}', '["닭갈비"]', '2026-06-12 10:00:00', 0, 0, 'user02');

INSERT INTO schedule_share_user (share_id, permission, my_schedule_id, shared_user_id)
VALUES ('1', 'READ', '1', 'user02'),
       ('2', 'WRITE', '1', 'user03'),
       ('3', 'READ', '3', 'user04'),
       ('4', 'READ', '6', 'user07'),
       ('5', 'WRITE', '8', 'user09'),
       ('6', 'READ', '8', 'user10'),
       ('7', 'READ', '9', 'user01'),
       ('8', 'WRITE', '11', 'user05');

INSERT INTO report_schedule_post (post_id, reporter_id, reason, status, reported_at)
VALUES ('3', 'user05', '부적절한 광고성 게시글입니다', 'PENDING', '2026-06-20 09:00:00'),
       ('6', 'user08', '타인의 사진을 무단 도용했습니다', 'PENDING', '2026-06-21 10:30:00'),
       ('8', 'user02', '욕설 및 비방이 포함되어 있습니다', 'RESOLVED', '2026-06-22 11:00:00'),
       ('9', 'user04', '스팸성 게시글로 판단됩니다', 'PENDING', '2026-06-23 14:15:00'),
       ('11', 'user07', '허위 정보가 포함된 게시글입니다', 'REJECTED', '2026-06-24 15:45:00'),
       ('12', 'user01', '저작권 침해가 의심됩니다', 'PENDING', '2026-06-25 16:20:00');